accuracy,loss,val_accuracy,val_loss
0.6633386611938477,0.6529813408851624,0.691317081451416,0.635691225528717
0.6722291111946106,0.641416072845459,0.6933007836341858,0.6336255073547363
0.6763430237770081,0.6377019882202148,0.6822113990783691,0.6314443349838257
0.6748226881027222,0.6351850628852844,0.6800000071525574,0.6328830122947693
0.671753466129303,0.6333332061767578,0.6876422762870789,0.6336816549301147
