accuracy,loss,val_accuracy,val_loss
0.6676517724990845,0.6390376687049866,0.6971381902694702,0.6194390058517456
0.6755096912384033,0.627685010433197,0.6846504211425781,0.6186680793762207
0.6775991320610046,0.6235966682434082,0.6951544880867004,0.6188510656356812
0.6782292127609253,0.6206361055374146,0.693040668964386,0.6174771785736084
0.6766356825828552,0.6189359426498413,0.6918048858642578,0.6179727911949158
0.6776438355445862,0.6168888211250305,0.7031219601631165,0.6218519806861877
