accuracy,loss,val_accuracy,val_loss
0.6678916215896606,0.6384156942367554,0.7011707425117493,0.6186014413833618
0.675566554069519,0.6268041133880615,0.6830244064331055,0.61756432056427
0.6778715252876282,0.6228175759315491,0.6922276616096497,0.6179558038711548
0.678192675113678,0.6198888421058655,0.6946341395378113,0.616242527961731
0.6764446496963501,0.6181278228759766,0.6876097321510315,0.616796612739563
0.6775950789451599,0.61615389585495,0.7019512057304382,0.620673656463623
