accuracy,loss,val_accuracy,val_loss
0.6660094857215881,0.6433002352714539,0.6928780674934387,0.6267595887184143
0.6751682162284851,0.6318989992141724,0.6874796748161316,0.6238899827003479
0.6753185987472534,0.628162145614624,0.6933007836341858,0.6234521865844727
0.6773674488067627,0.6254323720932007,0.7043577432632446,0.6226012110710144
0.6782088875770569,0.623252272605896,0.6930731534957886,0.6255190968513489
0.6800016164779663,0.62153559923172,0.7053983807563782,0.6278095245361328
