accuracy,loss,val_accuracy,val_loss
0.6654403805732727,0.6468875408172607,0.6911544799804688,0.6302876472473145
0.6735177636146545,0.6353679299354553,0.6917398571968079,0.6287294030189514
0.6760381460189819,0.6319902539253235,0.6874146461486816,0.627198338508606
0.6751803755760193,0.6292197108268738,0.6953821182250977,0.6262410283088684
0.6741681694984436,0.6274175643920898,0.6923577189445496,0.6271818280220032
0.6779690384864807,0.6252369284629822,0.6959349513053894,0.6294146776199341
