accuracy,loss,val_accuracy,val_loss
0.6670501232147217,0.640841543674469,0.6962276697158813,0.6229249835014343
0.6759812235832214,0.6295754313468933,0.6870244145393372,0.6205353140830994
0.6762738823890686,0.6255819201469421,0.6935284733772278,0.6200340986251831
0.678192675113678,0.6227911114692688,0.7023414373397827,0.619747519493103
0.6785382032394409,0.6206032037734985,0.6935935020446777,0.6221176981925964
0.6812373995780945,0.6189049482345581,0.709691047668457,0.6248877048492432
