accuracy,loss,val_accuracy,val_loss
0.6679363250732422,0.6376327872276306,0.7037073373794556,0.6175951957702637
0.6752250790596008,0.6259754300117493,0.6836097836494446,0.6164103150367737
0.6778308749198914,0.6219486594200134,0.6941788792610168,0.6169205904006958
0.6780544519424438,0.6189210414886475,0.6995772123336792,0.6148475408554077
0.677021861076355,0.6172585487365723,0.6894308924674988,0.6157109141349792
0.6771438717842102,0.6153757572174072,0.6940162777900696,0.6189744472503662
