lambda_fair,val_accuracy,val_auc,val_abs_corr_prediction_gender,epochs_trained,best_val_loss
2.0,0.6822113821138212,0.7242012092271657,0.03116886131465435,5,0.6314443349838257
1.0,0.6953821138211382,0.7283045326948341,0.05305012688040733,6,0.6262416243553162
0.5,0.7043577235772358,0.7315311747340153,0.08106838166713715,6,0.6226012110710144
0.25,0.7023414634146341,0.7330575673361005,0.10078500211238861,6,0.619747519493103
0.1,0.6930406504065041,0.7333828184407855,0.11782665550708771,6,0.6174774765968323
0.05,0.6946341463414634,0.7337693213694138,0.1252266764640808,6,0.616242527961731
0.0,0.6995772357723578,0.7341041789265333,0.13419567048549652,6,0.6148473620414734
