lambda_fair,val_accuracy,val_auc,val_abs_corr_prediction_gender,epochs_trained,best_val_loss
2.0,0.6822439024390244,0.7241976673823141,0.031153544783592224,5,0.6314456462860107
1.0,0.6953821138211382,0.72830446143035,0.05304999649524689,6,0.6262410283088684
0.5,0.7043577235772358,0.731530918181873,0.08106881380081177,6,0.6226014494895935
0.25,0.7023414634146341,0.7330575245774102,0.10078487545251846,6,0.6197476983070374
0.1,0.6930406504065041,0.7333828041878887,0.11782670021057129,6,0.6174771785736084
0.05,0.6946341463414634,0.733768965046994,0.12522970139980316,6,0.6162415146827698
0.0,0.6995772357723578,0.7341041432942913,0.13419568538665771,6,0.6148475408554077
